{"stats":{"minecraft:custom":{"minecraft:time_since_rest":10311,"minecraft:crouch_one_cm":3209,"minecraft:walk_one_cm":11611,"minecraft:play_time":10311,"minecraft:sprint_one_cm":2720,"minecraft:damage_taken":577,"minecraft:damage_absorbed":260,"minecraft:sneak_time":595,"minecraft:walk_under_water_one_cm":17724,"minecraft:aviate_one_cm":1072180,"minecraft:jump":69,"minecraft:damage_dealt":20,"minecraft:time_since_death":10311,"minecraft:walk_on_water_one_cm":1423,"minecraft:total_world_time":10311,"minecraft:fall_one_cm":3445,"minecraft:fly_one_cm":51137},"minecraft:picked_up":{"minecraft:spruce_log":2},"minecraft:used":{"minecraft:torch":4,"minecraft:firework_rocket":90,"minecraft:elytra":1,"minecraft:spruce_log":2,"minecraft:deepslate":8,"minecraft:totem_of_undying":4},"minecraft:mined":{"minecraft:spruce_leaves":2,"minecraft:spruce_log":2}},"DataVersion":3955}